,Registrations Cancelled,Registrations Cancelled,Registrations Cancelled,Registrations Cancelled,Registrations Cancelled,Registrations Cancelled,Registrations Cancelled,Registrations Cancelled,Registrations Cancelled,Registrations Cancelled,Registrations Cancelled,Registrations Cancelled,Registrations Cancelled,Registrations Cancelled,Registrations Cancelled,Registrations Cancelled,Registrations Cancelled,Registrations Cancelled,Registrations Cancelled,Registrations Cancelled,Registrations Cancelled,Registrations Cancelled,Registrations Cancelled,Registrations Cancelled,Registrations Cancelled,Registrations Cancelled,Registrations Cancelled,Registrations Cancelled,Registrations Cancelled,Registrations Cancelled,Registrations Cancelled,Registrations Cancelled,Registrations Cancelled,Registrations Cancelled,Registrations Cancelled,Registrations Cancelled,Registrations Cancelled,Registrations Cancelled,Registrations Cancelled,Registrations Cancelled,Registrations Cancelled,Registrations Cancelled,Registrations Cancelled,Registrations Cancelled,Registrations Cancelled,Registrations Cancelled,Registrations Cancelled,Registrations Cancelled,Registrations Cancelled,Registrations Cancelled,Registrations Cancelled,Registrations Cancelled,Registrations Cancelled,Registrations Cancelled,Registrations Cancelled,Registrations Cancelled,Registrations Cancelled,Registrations Cancelled,Registrations Cancelled,Registrations Cancelled,Registrations Cancelled,Registrations Cancelled,Registrations Cancelled,Registrations Cancelled,Registrations Cancelled,Registrations Cancelled,Registrations Cancelled,Registrations Cancelled,Registrations Cancelled,Registrations Cancelled,Registrations Cancelled,Registrations Cancelled,Registrations Cancelled
Status Reason,Deceased,Deceased,Deceased,Deceased,Deceased,Duplicate,Duplicate,Duplicate,Duplicate,Error,Error,Felon,Felon,Felon,Felon,Felon,Moved Out of State,Moved Out of State,Moved Out of State,Moved Out of State,No Activity For 2 General Election Cycles,No Activity For 2 General Election Cycles,No Activity For 2 General Election Cycles,No Activity For 2 General Election Cycles,No Activity For 2 General Election Cycles,No Activity For 2 General Election Cycles,Deceased,Duplicate,Moved Out of County,Hearing,Hearing,Voter Requested,Voter Requested,Error,Error,Duplicate,Hearing,No Activity For 2 General Election Cycles,Not Verified,Not Verified,Voter Requested,Deceased,Duplicate,Error,Error,Felon,Hearing,Hearing,Hearing,Moved Out of State,Felon,Mentally Incompetent,Moved Out of State,Not Verified,Moved Out of County,Not Verified,Not Verified,Moved Out of County,Not Verified,Moved Out of County,Moved Out of State,Voter Requested,Voter Requested,Voter Requested,Mentally Incompetent,Moved Out of County,Moved Out of County,Moved Out of County,Voter Requested,Mentally Incompetent,Mentally Incompetent,Not Verified,Hearing
Race,Asian or Pacific Islander,Black not of Hispanic Origin,Other,Unknown,White not of Hispanic Origin,Black not of Hispanic Origin,Hispanic,Unknown,White not of Hispanic Origin,Black not of Hispanic Origin,White not of Hispanic Origin,Black not of Hispanic Origin,Hispanic,Other,Unknown,White not of Hispanic Origin,Asian or Pacific Islander,Black not of Hispanic Origin,Unknown,White not of Hispanic Origin,Asian or Pacific Islander,Black not of Hispanic Origin,Hispanic,Other,Unknown,White not of Hispanic Origin,Hispanic,American Indian or Alaskan Native,White not of Hispanic Origin,Black not of Hispanic Origin,White not of Hispanic Origin,Unknown,White not of Hispanic Origin,Other,Unknown,Other,Unknown,American Indian or Alaskan Native,Black not of Hispanic Origin,White not of Hispanic Origin,Black not of Hispanic Origin,American Indian or Alaskan Native,Asian or Pacific Islander,Asian or Pacific Islander,Hispanic,Asian or Pacific Islander,Asian or Pacific Islander,Hispanic,Other,Hispanic,American Indian or Alaskan Native,White not of Hispanic Origin,Other,Hispanic,Black not of Hispanic Origin,American Indian or Alaskan Native,Unknown,Unknown,Other,Hispanic,American Indian or Alaskan Native,Asian or Pacific Islander,Hispanic,Other,Black not of Hispanic Origin,American Indian or Alaskan Native,Asian or Pacific Islander,Other,American Indian or Alaskan Native,Unknown,Other,Asian or Pacific Islander,American Indian or Alaskan Native
County Name,,,,,,,,,,,,,,,,,,,,,,,,,,,,,,,,,,,,,,,,,,,,,,,,,,,,,,,,,,,,,,,,,,,,,,,,,
APPLING,1.0,49.0,1.0,6.0,155.0,22.0,5.0,34.0,76.0,1.0,1.0,21.0,1.0,1.0,7.0,45.0,1.0,3.0,2.0,14.0,4.0,203.0,22.0,9.0,18.0,577.0,,,,,,,,,,,,,,,,,,,,,,,,,,,,,,,,,,,,,,,,,,,,,,,
ATKINSON,,19.0,,,97.0,33.0,9.0,26.0,58.0,,,7.0,,,5.0,13.0,,1.0,,2.0,,42.0,17.0,,,210.0,1.0,3.0,12.0,,,,,,,,,,,,,,,,,,,,,,,,,,,,,,,,,,,,,,,,,,,,
BACON,,20.0,1.0,7.0,120.0,11.0,,10.0,41.0,,,7.0,,,3.0,20.0,,3.0,2.0,11.0,1.0,82.0,8.0,1.0,10.0,314.0,,,,2.0,2.0,1.0,1.0,,,,,,,,,,,,,,,,,,,,,,,,,,,,,,,,,,,,,,,,
BAKER,,28.0,,3.0,22.0,14.0,,8.0,24.0,2.0,1.0,4.0,,,1.0,5.0,,,,1.0,1.0,21.0,1.0,1.0,,8.0,,,,,,,,1.0,2.0,,,,,,,,,,,,,,,,,,,,,,,,,,,,,,,,,,,,,,
BALDWIN,,168.0,1.0,7.0,310.0,34.0,,25.0,40.0,,1.0,12.0,,1.0,1.0,11.0,1.0,3.0,2.0,16.0,12.0,566.0,17.0,20.0,61.0,1072.0,,,,2.0,,,1.0,,,1.0,1.0,2.0,3.0,1.0,1.0,,,,,,,,,,,,,,,,,,,,,,,,,,,,,,,,
BANKS,,6.0,,4.0,158.0,1.0,1.0,4.0,44.0,,,,,,,6.0,,,,4.0,10.0,19.0,25.0,2.0,27.0,684.0,,,,,,,,,,,,,,,,1.0,2.0,,,,,,,,,,,,,,,,,,,,,,,,,,,,,,
BARROW,7.0,62.0,2.0,38.0,491.0,15.0,7.0,30.0,72.0,2.0,1.0,46.0,3.0,,26.0,152.0,1.0,6.0,16.0,102.0,159.0,438.0,168.0,40.0,403.0,2672.0,7.0,1.0,,23.0,111.0,3.0,8.0,,2.0,1.0,19.0,1.0,1.0,,,,1.0,1.0,3.0,3.0,3.0,15.0,1.0,5.0,,,,,,,,,,,,,,,,,,,,,,,
BARTOW,3.0,53.0,,39.0,666.0,18.0,6.0,64.0,130.0,,,21.0,4.0,,40.0,81.0,,2.0,9.0,56.0,46.0,735.0,198.0,53.0,339.0,4726.0,3.0,,,1.0,,2.0,6.0,,,1.0,,8.0,,,,,,,,,,,,,1.0,1.0,1.0,,,,,,,,,,,,,,,,,,,,
BEN HILL,,59.0,,2.0,168.0,51.0,1.0,7.0,67.0,3.0,6.0,24.0,,,3.0,18.0,,3.0,,9.0,2.0,309.0,34.0,4.0,11.0,487.0,,,1.0,,,,1.0,,2.0,2.0,,1.0,,2.0,,,,,,,,,,,,,,1.0,,,,,,,,,,,,,,,,,,,
BERRIEN,1.0,19.0,,4.0,194.0,11.0,1.0,4.0,95.0,,,13.0,1.0,,4.0,43.0,,,,6.0,3.0,119.0,20.0,12.0,40.0,899.0,,2.0,,,1.0,,1.0,,,1.0,,1.0,,,,,,,,,,,,,,,,,,,,,,,,,,,,,,,,,,,
BIBB,2.0,711.0,2.0,46.0,883.0,576.0,15.0,196.0,222.0,1.0,,416.0,,3.0,29.0,121.0,,19.0,11.0,70.0,70.0,2820.0,53.0,75.0,353.0,3095.0,6.0,,6.0,,,4.0,5.0,,,17.0,,3.0,7.0,7.0,2.0,1.0,10.0,,,,,,,,,,,,2.0,1.0,7.0,,,,,,,,,,,,,,,,
BLECKLEY,,24.0,,,119.0,15.0,,5.0,36.0,,1.0,12.0,1.0,,3.0,11.0,1.0,,2.0,18.0,3.0,84.0,3.0,1.0,10.0,283.0,,,1.0,1.0,12.0,,,,,,,,1.0,,,,,,,,,,,,,,,,2.0,,,1.0,1.0,,,,,,,,,,,,,,
BRANTLEY,,1.0,,5.0,199.0,3.0,2.0,10.0,109.0,,,,,,1.0,8.0,,,,2.0,,39.0,8.0,5.0,43.0,844.0,1.0,,2.0,,,,2.0,,,1.0,,,,,,,,,,,,,,,,,,,,,,,,1.0,,,,,,,,,,,,,
BROOKS,,62.0,,4.0,134.0,49.0,2.0,9.0,52.0,,,48.0,1.0,1.0,13.0,31.0,,4.0,2.0,16.0,3.0,181.0,16.0,14.0,32.0,402.0,2.0,,8.0,,,,2.0,,,1.0,,2.0,,,,,1.0,,,1.0,,,,1.0,,,,,7.0,,,1.0,,1.0,,,,,,,,,,,,,
BRYAN,3.0,40.0,,14.0,207.0,47.0,9.0,31.0,120.0,,2.0,18.0,2.0,,17.0,42.0,1.0,1.0,5.0,54.0,27.0,330.0,55.0,31.0,135.0,1890.0,1.0,1.0,,,,1.0,2.0,,,2.0,,4.0,,,,1.0,2.0,,1.0,,,,,2.0,,,,,,,,,,,1.0,,,,,,,,,,,,
BULLOCH,1.0,122.0,3.0,22.0,431.0,47.0,1.0,12.0,31.0,,,21.0,,2.0,12.0,28.0,,7.0,5.0,33.0,43.0,1101.0,44.0,48.0,145.0,2775.0,,,,1.0,,,2.0,,,,,2.0,,,1.0,,,,,,,,,,,,,,,,,,,,,,,,,,,,,,,,
BURKE,1.0,102.0,,7.0,144.0,41.0,1.0,16.0,38.0,4.0,2.0,15.0,,,6.0,8.0,,1.0,1.0,17.0,5.0,459.0,11.0,15.0,25.0,607.0,,,2.0,,,,,,5.0,,,1.0,,,,,,,,,,,,,,,,,,,,1.0,,,,,,,,,,,,,,,
BUTTS,,52.0,2.0,14.0,177.0,40.0,2.0,17.0,87.0,,,45.0,,1.0,22.0,61.0,,6.0,8.0,46.0,,179.0,6.0,6.0,111.0,546.0,1.0,,34.0,1.0,2.0,,2.0,,1.0,1.0,,,9.0,7.0,,,,,,,,,,,,,,3.0,9.0,1.0,2.0,4.0,2.0,,,,,,,,,,,,,,
CALHOUN,,46.0,,1.0,21.0,10.0,,5.0,7.0,,,3.0,,,,,,,,1.0,,82.0,,,5.0,42.0,,,,,,,,,,,,,,,,,,,,,,,,,,,,,,,,,,,,,,,,,,,,,,,
CAMDEN,2.0,75.0,,38.0,245.0,45.0,9.0,77.0,122.0,,1.0,31.0,,,43.0,59.0,,44.0,79.0,258.0,42.0,747.0,117.0,85.0,378.0,2822.0,3.0,1.0,,1.0,3.0,15.0,12.0,,,5.0,1.0,3.0,,,4.0,,2.0,,,1.0,2.0,,,14.0,2.0,,2.0,,1.0,,1.0,3.0,,1.0,1.0,1.0,1.0,1.0,,,,,,,,,
CANDLER,,31.0,,3.0,95.0,5.0,2.0,9.0,22.0,,,12.0,,,16.0,16.0,,1.0,1.0,5.0,4.0,146.0,17.0,3.0,14.0,314.0,1.0,,,,,,1.0,,,,,,,,,,,,,,,,,,,,,,,,,,,,,,,,,,,,,,,,
CARROLL,3.0,125.0,1.0,75.0,828.0,61.0,13.0,64.0,210.0,,,130.0,,2.0,91.0,223.0,,5.0,13.0,79.0,29.0,1030.0,93.0,67.0,831.0,3580.0,2.0,2.0,,,,5.0,4.0,,,3.0,,1.0,,,1.0,,2.0,,,1.0,,,,1.0,1.0,,2.0,,1.0,,,,,,,,,,1.0,,,,,,,,
CATOOSA,1.0,1.0,1.0,39.0,508.0,1.0,1.0,98.0,107.0,,,2.0,3.0,1.0,56.0,98.0,,3.0,20.0,141.0,55.0,146.0,61.0,34.0,225.0,4744.0,,,1.0,,1.0,,,,2.0,2.0,,3.0,,,,,1.0,,,2.0,,,,,,,1.0,,,,,,,,1.0,,,,,,,,,,,,
CHARLTON,,15.0,,14.0,83.0,4.0,,7.0,21.0,,,,,,4.0,1.0,,1.0,1.0,9.0,,78.0,3.0,1.0,20.0,222.0,,,,,,,2.0,,,,,,,,,,,,,,,,,,,,1.0,,,,,,,,,,,,,,,,,,,,
CHATHAM,17.0,938.0,13.0,90.0,1490.0,783.0,58.0,301.0,427.0,3.0,,298.0,3.0,6.0,33.0,58.0,18.0,137.0,86.0,474.0,325.0,6499.0,684.0,363.0,2035.0,12107.0,14.0,4.0,65.0,1.0,,27.0,86.0,,1.0,39.0,,16.0,,,23.0,,11.0,,,2.0,,,,18.0,1.0,1.0,15.0,,46.0,,,8.0,1.0,3.0,,5.0,10.0,5.0,,1.0,3.0,1.0,1.0,,,,
CHATTAHOOCHEE,1.0,5.0,1.0,1.0,30.0,20.0,3.0,4.0,16.0,,,3.0,1.0,,2.0,3.0,,3.0,,4.0,24.0,273.0,89.0,26.0,26.0,555.0,,,,,,,,,,1.0,,2.0,,,,,,,,,,,,1.0,,,,,,,,,,,,,,,,,,,,,,,
CHATTOOGA,,26.0,,10.0,241.0,4.0,,8.0,34.0,,,17.0,1.0,4.0,24.0,77.0,,1.0,,7.0,4.0,100.0,22.0,5.0,58.0,1130.0,,,,,,1.0,4.0,,,,,1.0,,,,1.0,,,,,,,,,,,,,,,,,,,,,,,,,,,,,,,
CHEROKEE,7.0,49.0,4.0,88.0,1298.0,18.0,28.0,80.0,203.0,,,8.0,3.0,1.0,16.0,63.0,4.0,12.0,29.0,263.0,157.0,783.0,439.0,137.0,1067.0,8228.0,9.0,1.0,,2.0,4.0,9.0,8.0,,,3.0,1.0,6.0,1.0,9.0,3.0,1.0,1.0,,,1.0,,,,2.0,,,5.0,,,,4.0,,,,1.0,2.0,,,,,,,,,,,
CLARKE,3.0,265.0,3.0,33.0,497.0,177.0,28.0,107.0,176.0,,,52.0,2.0,,14.0,18.0,3.0,15.0,22.0,107.0,180.0,1490.0,197.0,147.0,820.0,4660.0,5.0,2.0,5.0,,,2.0,13.0,,1.0,7.0,,3.0,,,5.0,,17.0,,,1.0,,,,3.0,,,1.0,,2.0,,,1.0,,,,,1.0,1.0,,,,1.0,,,,,
CLAY,,23.0,,2.0,24.0,29.0,,7.0,26.0,1.0,,8.0,,,2.0,1.0,,,1.0,8.0,,43.0,2.0,,1.0,22.0,,,9.0,,,,,,,,,,,,,,,,,,,,,,,,,,5.0,,,,,,,,,,,,,,,,,,
CLAYTON,26.0,943.0,19.0,149.0,650.0,1902.0,143.0,305.0,161.0,13.0,,533.0,15.0,8.0,55.0,81.0,15.0,286.0,59.0,67.0,499.0,10996.0,512.0,311.0,1736.0,2339.0,11.0,10.0,29.0,1.0,,5.0,11.0,1.0,4.0,78.0,,2.0,1.0,,11.0,,88.0,,1.0,5.0,,,,9.0,,,4.0,,203.0,,,36.0,,12.0,,2.0,1.0,,,,9.0,6.0,,1.0,,,
CLINCH,,25.0,,4.0,61.0,28.0,2.0,14.0,49.0,4.0,1.0,5.0,,,,3.0,,,,,3.0,86.0,2.0,,21.0,185.0,,,,,,,1.0,,,,,,,1.0,,,,,,,,,,,,,,,,,,,,,,,,,,,,,,,,,
COBB,32.0,663.0,45.0,157.0,3235.0,724.0,144.0,335.0,627.0,1.0,1.0,747.0,42.0,32.0,122.0,492.0,12.0,143.0,66.0,655.0,1071.0,11483.0,1570.0,846.0,3352.0,19459.0,58.0,8.0,1.0,,,140.0,1015.0,,,51.0,1.0,25.0,67.0,5.0,139.0,2.0,32.0,,,5.0,,,,19.0,2.0,,11.0,2.0,1.0,1.0,5.0,1.0,2.0,,1.0,21.0,42.0,16.0,,,,,1.0,,1.0,1.0,
COFFEE,,94.0,,3.0,297.0,36.0,14.0,31.0,98.0,,4.0,36.0,5.0,,22.0,56.0,,4.0,2.0,20.0,10.0,583.0,82.0,24.0,17.0,1308.0,2.0,2.0,30.0,,,1.0,1.0,,1.0,,,1.0,,,,,,,,,,,,,,,,,16.0,,,,,1.0,,,,,,,,1.0,,,,,
COLQUITT,,78.0,2.0,18.0,351.0,67.0,6.0,22.0,91.0,2.0,2.0,55.0,3.0,1.0,25.0,57.0,,3.0,2.0,7.0,10.0,732.0,112.0,26.0,116.0,1536.0,2.0,1.0,,,,1.0,,,,4.0,,,,,,,,,1.0,,,,,1.0,2.0,,,,,,,1.0,,,,,,,,,,,,,,,
COLUMBIA,10.0,105.0,9.0,60.0,802.0,82.0,19.0,110.0,208.0,1.0,,19.0,1.0,5.0,17.0,58.0,6.0,17.0,36.0,195.0,264.0,1365.0,243.0,212.0,985.0,7530.0,8.0,3.0,1.0,,,7.0,13.0,,,6.0,,7.0,,,2.0,,4.0,,,1.0,,,,6.0,,,2.0,,,,,,,,,1.0,1.0,2.0,1.0,,,,,,,,
COOK,1.0,39.0,,4.0,148.0,23.0,1.0,7.0,32.0,,,3.0,,,,2.0,,2.0,1.0,8.0,,206.0,21.0,12.0,42.0,516.0,,1.0,,,,,,,,1.0,,2.0,,,,,1.0,,,,,,,,,,,,,,,,,,,,,,,,,,,,,,
COWETA,3.0,153.0,10.0,70.0,798.0,83.0,8.0,93.0,183.0,,1.0,167.0,4.0,5.0,117.0,223.0,2.0,6.0,42.0,240.0,83.0,1207.0,200.0,70.0,910.0,4893.0,4.0,,2.0,,,4.0,4.0,,2.0,4.0,,1.0,3.0,5.0,1.0,,1.0,,,,,,,8.0,,6.0,,1.0,,,4.0,,,,,,,,2.0,,,,,2.0,,,
CRAWFORD,,44.0,1.0,6.0,113.0,6.0,1.0,4.0,30.0,,,1.0,,,,6.0,,,,3.0,,117.0,4.0,4.0,39.0,428.0,2.0,,2.0,,,,1.0,,,,,,,,,,,,,,,,,,,,,,,,,,,,,,,,,,,,,,,,
CRISP,,94.0,,4.0,141.0,28.0,,4.0,22.0,,1.0,66.0,1.0,1.0,7.0,21.0,,,,6.0,10.0,547.0,11.0,10.0,35.0,529.0,,,1.0,,,,,,,,,,1.0,,,,,,,,,,,,,1.0,,,,,,,,,,,,,,,,,,,,,
DADE,,,,9.0,147.0,,,10.0,49.0,,1.0,,1.0,,4.0,22.0,,1.0,3.0,13.0,7.0,20.0,10.0,5.0,49.0,1324.0,,1.0,,,,,,,,1.0,,,,,,,1.0,,,,,,,,,,,,,,,1.0,,,,,,,,,,,,,,,
DAWSON,,,1.0,16.0,253.0,,2.0,14.0,44.0,,,,,,5.0,10.0,,,1.0,42.0,6.0,11.0,23.0,6.0,43.0,643.0,1.0,1.0,,,,2.0,2.0,,,,,,,,,,,,,,,,,,1.0,,,,,,,,,,,,,,,,,,,,,,
DECATUR,,124.0,1.0,9.0,222.0,52.0,5.0,13.0,73.0,,,48.0,,,9.0,26.0,,3.0,2.0,21.0,12.0,673.0,30.0,15.0,72.0,934.0,1.0,1.0,,,,,3.0,,,,,1.0,,,,,,,,,,,,,,,,,,,,,,,,,,,,,,,,,,,
DEKALB,54.0,2303.0,42.0,250.0,1898.0,664.0,39.0,81.0,159.0,1.0,1.0,720.0,15.0,12.0,112.0,57.0,10.0,123.0,57.0,352.0,1180.0,24585.0,881.0,953.0,4755.0,13471.0,32.0,3.0,22.0,24.0,39.0,12.0,21.0,,,24.0,6.0,72.0,,,16.0,6.0,26.0,1.0,,1.0,,2.0,1.0,14.0,,,9.0,,13.0,,,3.0,,5.0,1.0,7.0,2.0,5.0,,,2.0,1.0,1.0,,,,1.0
DODGE,2.0,51.0,,4.0,183.0,38.0,,20.0,70.0,,2.0,26.0,,,7.0,28.0,,2.0,,9.0,1.0,251.0,8.0,3.0,11.0,646.0,,,4.0,,2.0,,,,,,,1.0,,,,,1.0,,,,1.0,,,,,,,,,,,,,,,,,,,,,,,,,,
DOOLY,,54.0,,2.0,61.0,30.0,4.0,8.0,22.0,,,21.0,1.0,,3.0,10.0,,1.0,,3.0,2.0,200.0,24.0,4.0,12.0,196.0,1.0,,5.0,,,,1.0,,,,,,,,,,,,,,,,,,,,,,,,,,,,,,,,,,,,,,,,
DOUGHERTY,1.0,481.0,2.0,31.0,434.0,596.0,7.0,165.0,73.0,,1.0,325.0,2.0,,79.0,50.0,3.0,18.0,7.0,37.0,45.0,3261.0,63.0,48.0,214.0,1904.0,3.0,,4.0,,,3.0,,,,7.0,,4.0,,,1.0,,4.0,,,,,,,2.0,,,,,2.0,,,,,,,,,,,,,,,,,,
DOUGLAS,1.0,197.0,4.0,55.0,622.0,325.0,26.0,101.0,216.0,1.0,,111.0,4.0,1.0,45.0,100.0,,43.0,10.0,73.0,67.0,2824.0,204.0,146.0,841.0,3122.0,4.0,1.0,1.0,,,1.0,5.0,1.0,1.0,19.0,,1.0,,,1.0,1.0,8.0,,,,,,,2.0,,,2.0,,11.0,,,2.0,,,,,,1.0,,,,,,,,,
EARLY,,52.0,,3.0,89.0,23.0,,6.0,12.0,4.0,,33.0,,,5.0,15.0,,4.0,,15.0,3.0,264.0,6.0,3.0,11.0,296.0,,,,,,,,,,,,2.0,,,,,,,,,,,,,,,,,,,,,,,,,,,,,,,,,,,
ECHOLS,,3.0,,1.0,23.0,,2.0,2.0,26.0,,,,,,,1.0,,,,,1.0,11.0,13.0,1.0,7.0,122.0,,,,,,,,,,,,,,,,,,,,,,,,,,,,,,,,,,,,,,,,,,,,,,,
EFFINGHAM,1.0,56.0,,34.0,333.0,26.0,3.0,35.0,72.0,1.0,,11.0,,,7.0,16.0,,3.0,11.0,56.0,30.0,358.0,48.0,21.0,152.0,2663.0,2.0,,,,,3.0,5.0,,,,,3.0,,,,,,,,,,,,,,,,,,,,,,,,,,,,,,,,,,,
ELBERT,,76.0,,2.0,176.0,13.0,1.0,7.0,25.0,1.0,,6.0,,1.0,2.0,3.0,,1.0,,11.0,7.0,315.0,12.0,7.0,17.0,622.0,,,1.0,,,,,,,3.0,,,,,,,1.0,,1.0,,,,,,,,,1.0,,,,,,,,,,,,,,,,,,,
EMANUEL,,87.0,2.0,6.0,226.0,39.0,3.0,25.0,55.0,18.0,2.0,38.0,1.0,1.0,24.0,18.0,,3.0,2.0,10.0,5.0,431.0,15.0,14.0,48.0,608.0,,,5.0,,,,,,4.0,1.0,,,2.0,2.0,,,,,1.0,,,,,1.0,,,,,6.0,,,5.0,,,,,,,,,,,,,,,
EVANS,1.0,38.0,1.0,3.0,80.0,10.0,1.0,6.0,13.0,,,15.0,1.0,,17.0,12.0,,,,4.0,2.0,145.0,23.0,4.0,15.0,235.0,,,,,,2.0,1.0,,,,,1.0,,,,1.0,,,,,,,,,,,,,,,,,,,,,,,,,,,,,,,
FANNIN,,1.0,,10.0,389.0,,,17.0,84.0,,1.0,,1.0,,1.0,9.0,,,4.0,56.0,4.0,6.0,8.0,2.0,44.0,1486.0,,1.0,6.0,,,,9.0,,,1.0,,,,,,,,,,,,,,1.0,,,,,,,,,,,,,,,,,,,,,,,
FAYETTE,7.0,122.0,3.0,74.0,626.0,106.0,14.0,60.0,145.0,,1.0,52.0,2.0,1.0,40.0,79.0,2.0,15.0,29.0,159.0,147.0,1122.0,164.0,96.0,1099.0,4606.0,3.0,1.0,1.0,,,5.0,3.0,,,8.0,,3.0,1.0,,1.0,,7.0,1.0,,1.0,,,,2.0,,,1.0,,,,,,,,,,,,,,,,,,,,
FLOYD,,116.0,1.0,36.0,816.0,74.0,25.0,85.0,235.0,1.0,3.0,37.0,1.0,1.0,18.0,58.0,1.0,4.0,9.0,58.0,67.0,697.0,195.0,44.0,171.0,3604.0,8.0,,2.0,,,3.0,2.0,1.0,,5.0,,3.0,,,,1.0,6.0,,,,,,,2.0,,1.0,,,1.0,,,1.0,,,,,,,,,,,,,,,
FORSYTH,8.0,10.0,4.0,160.0,843.0,22.0,25.0,115.0,229.0,,1.0,4.0,,,27.0,45.0,6.0,8.0,120.0,497.0,233.0,265.0,259.0,136.0,470.0,6841.0,7.0,3.0,1.0,,,7.0,6.0,,,4.0,,4.0,,,1.0,1.0,21.0,,,,,,,11.0,,,1.0,,,,,1.0,,,1.0,,,1.0,,,,,,,,1.0,
FRANKLIN,,17.0,,10.0,270.0,2.0,,7.0,27.0,,1.0,3.0,,,4.0,12.0,,,1.0,20.0,12.0,83.0,8.0,3.0,23.0,814.0,1.0,,,,10.0,,3.0,,,,1.0,,,,,,,,,,,,,,,,,,,,,,,,,,,,,,,,,,,,
FULTON,57.0,3252.0,48.0,720.0,2611.0,3310.0,196.0,1043.0,1399.0,10.0,2.0,1159.0,9.0,9.0,231.0,128.0,25.0,204.0,190.0,719.0,1506.0,28179.0,1135.0,1542.0,10078.0,24886.0,33.0,15.0,5.0,,,20.0,39.0,1.0,2.0,137.0,,17.0,1.0,,17.0,,137.0,,1.0,,,,,25.0,,,13.0,1.0,6.0,,,4.0,,,1.0,4.0,,3.0,,,,1.0,1.0,,,,
GILMER,,,,13.0,349.0,,2.0,12.0,59.0,,,1.0,,,2.0,6.0,,,2.0,50.0,,4.0,47.0,11.0,106.0,1429.0,,,,,3.0,,10.0,,,,,,,,,,,,,,,,,,,,,,,,,,,,,,,,,,,,,,,,
GLASCOCK,,1.0,,1.0,34.0,,,1.0,10.0,,,,,,,4.0,,,,1.0,,4.0,2.0,,3.0,67.0,,,,,,,,,,,,,,,,1.0,,,,,,,,,,,,,,,,,,,,,,,,,,,,,,,
GLYNN,1.0,178.0,1.0,51.0,680.0,139.0,11.0,79.0,233.0,5.0,5.0,78.0,,1.0,23.0,54.0,,4.0,8.0,36.0,42.0,1250.0,97.0,65.0,444.0,3498.0,5.0,1.0,6.0,,,1.0,6.0,,1.0,10.0,,2.0,3.0,4.0,1.0,1.0,,,,,,,,,,,,,1.0,,1.0,2.0,,,,,,,,,,,,,,,
GORDON,1.0,12.0,,7.0,427.0,7.0,7.0,26.0,117.0,,,14.0,1.0,1.0,31.0,126.0,,3.0,3.0,46.0,30.0,89.0,194.0,28.0,54.0,2333.0,4.0,,,,8.0,,4.0,,,,,4.0,,,2.0,,,,,,,,,1.0,,,,,,,,,,,,,,,,,,,,,,,
GRADY,,56.0,2.0,9.0,183.0,32.0,1.0,12.0,31.0,4.0,2.0,27.0,,,13.0,28.0,,1.0,,7.0,8.0,495.0,26.0,9.0,52.0,981.0,,,,,,,2.0,,,,,,,,,,1.0,,1.0,,,,,1.0,,,,,,,,,,,,,,,,,,,,,,,
GREENE,,69.0,1.0,9.0,148.0,41.0,1.0,8.0,28.0,,,3.0,,,2.0,2.0,,1.0,3.0,43.0,1.0,292.0,8.0,3.0,21.0,389.0,,,43.0,,1.0,1.0,26.0,,,,1.0,,,,,,,,,,,,,2.0,,,,,22.0,,,3.0,,2.0,,,,,,,,,,,,,
GWINNETT,147.0,561.0,47.0,294.0,2662.0,908.0,368.0,396.0,734.0,7.0,4.0,205.0,51.0,16.0,198.0,159.0,28.0,144.0,123.0,720.0,3491.0,11201.0,2913.0,1205.0,5799.0,17307.0,54.0,12.0,3.0,4.0,7.0,14.0,37.0,1.0,2.0,87.0,,72.0,62.0,28.0,6.0,3.0,210.0,6.0,4.0,8.0,,,,29.0,1.0,,25.0,10.0,2.0,,24.0,1.0,2.0,1.0,1.0,3.0,3.0,2.0,,,,,,,,21.0,
HABERSHAM,2.0,9.0,,16.0,395.0,7.0,12.0,25.0,144.0,,2.0,18.0,,,13.0,37.0,1.0,,3.0,53.0,48.0,41.0,77.0,11.0,30.0,1569.0,1.0,,3.0,,,2.0,2.0,,,1.0,,1.0,,,,,4.0,,,,,,,,,,,,,,,1.0,,,,,,,,,,,,,,,
HALL,6.0,88.0,4.0,82.0,1226.0,59.0,71.0,153.0,284.0,,1.0,16.0,8.0,,24.0,40.0,1.0,5.0,18.0,132.0,127.0,713.0,964.0,120.0,621.0,5697.0,12.0,2.0,7.0,,,8.0,7.0,,1.0,6.0,,2.0,,,1.0,1.0,9.0,,,2.0,,,,5.0,,,2.0,,,,2.0,2.0,1.0,,,,,,,,,,,,,,
HANCOCK,,90.0,,1.0,29.0,76.0,,60.0,68.0,,,4.0,,,,,,1.0,,,,230.0,1.0,1.0,4.0,98.0,,,,,,,1.0,,,2.0,,,,,,,1.0,,,,,,,,,,,,,,,,,,,,,,,,,,,,,,
HARALSON,,16.0,,10.0,325.0,5.0,,13.0,76.0,1.0,,15.0,,,28.0,99.0,1.0,,1.0,23.0,8.0,62.0,11.0,6.0,84.0,1142.0,1.0,,1.0,,,2.0,,,,,,,,6.0,,,,,,,,,,,,,,1.0,,,2.0,,,,,,,,,,,,,,,,
HARRIS,,70.0,2.0,8.0,257.0,18.0,2.0,12.0,77.0,3.0,,12.0,,,4.0,32.0,,3.0,2.0,80.0,16.0,316.0,27.0,17.0,71.0,1539.0,5.0,,,,,,,,,2.0,,,,,1.0,,,,,,,,,,,,1.0,,,,,,,,,,,,,,,,,,,,
HART,,33.0,1.0,8.0,218.0,17.0,1.0,14.0,47.0,,,3.0,,,2.0,10.0,,3.0,3.0,33.0,16.0,235.0,8.0,7.0,32.0,979.0,,,,,,1.0,3.0,,,,,1.0,,,,,,,,,,,,,,,1.0,,,,,,,,,,,,,,,,,,,,
HEARD,2.0,17.0,1.0,3.0,126.0,,,1.0,1.0,,,2.0,,,,9.0,,1.0,,8.0,3.0,55.0,6.0,3.0,49.0,592.0,,,,,,1.0,,,,,,,,,,,,,,,,,,,,,,,,,,,,,,,,,,,,,,,,,
HENRY,6.0,325.0,18.0,97.0,939.0,432.0,39.0,132.0,228.0,14.0,5.0,301.0,5.0,24.0,106.0,235.0,2.0,43.0,16.0,122.0,223.0,4021.0,367.0,438.0,930.0,5446.0,8.0,1.0,2.0,,,3.0,7.0,1.0,1.0,32.0,,4.0,2.0,,5.0,,14.0,,2.0,3.0,,,,4.0,,,4.0,,3.0,,,2.0,,,1.0,,,,,,,,,,,,
HOUSTON,8.0,269.0,9.0,36.0,920.0,220.0,25.0,103.0,228.0,,,131.0,5.0,1.0,58.0,89.0,3.0,11.0,20.0,105.0,201.0,2529.0,286.0,155.0,782.0,5958.0,9.0,1.0,2.0,2.0,1.0,1.0,7.0,,1.0,9.0,1.0,8.0,,,1.0,2.0,9.0,1.0,,1.0,,,,3.0,2.0,,,,1.0,,,1.0,,,,,,,1.0,,,,,,,,
IRWIN,,23.0,,3.0,94.0,22.0,,7.0,42.0,1.0,,10.0,,,1.0,8.0,,,,18.0,1.0,79.0,5.0,1.0,7.0,174.0,1.0,,28.0,,,,,,,,,,,,,,,,,,,,,,,,,,18.0,,,1.0,,,,,,,,,,,,,,,
JACKSON,1.0,38.0,1.0,21.0,477.0,11.0,11.0,52.0,144.0,1.0,4.0,1.0,,,3.0,13.0,1.0,2.0,2.0,47.0,53.0,191.0,76.0,18.0,156.0,1840.0,4.0,1.0,,,16.0,1.0,4.0,,3.0,3.0,2.0,1.0,2.0,7.0,,,3.0,,,,,,,1.0,,,1.0,1.0,,,,,1.0,,,,,,,,,,,,,3.0,
JASPER,,27.0,,4.0,116.0,6.0,1.0,4.0,37.0,,,28.0,,,4.0,38.0,,,,7.0,,114.0,6.0,4.0,35.0,493.0,,,,,,1.0,3.0,,,1.0,,1.0,,,,,,,,,,,,,,,,,,,,,,,,,,,,,,,,,,,
JEFF DAVIS,,17.0,,2.0,150.0,12.0,5.0,14.0,42.0,,,14.0,,,5.0,34.0,,2.0,,2.0,1.0,143.0,30.0,9.0,19.0,531.0,,,,,,,,,,,,1.0,,,,,,,,,,,,,,,,,,,,,,,,,,,,,,,,,,,
JEFFERSON,,110.0,,6.0,110.0,36.0,,21.0,12.0,3.0,,10.0,,,1.0,4.0,,2.0,1.0,2.0,2.0,425.0,3.0,1.0,24.0,344.0,,,,,,,1.0,,,,,,,,,,,,,,,,,,,,,,,,,,,,,,,,,,,,,,,,
JENKINS,1.0,35.0,,5.0,70.0,12.0,2.0,7.0,16.0,2.0,,5.0,,,2.0,2.0,,,,2.0,3.0,162.0,4.0,1.0,12.0,199.0,,,,,,,,,1.0,,,,1.0,,,1.0,,,,,,,,,,,,,,,,,,,,,,,,,,,,,,,
JOHNSON,,32.0,,,85.0,11.0,,3.0,27.0,,,2.0,,,,,,,,2.0,,96.0,1.0,2.0,3.0,223.0,,,,,,,,,,,,,,,,,,,,,,,,,,,,,,,,,,,,,,,,,,,,,,,
JONES,,78.0,,2.0,218.0,25.0,,24.0,51.0,,3.0,27.0,,,7.0,67.0,,2.0,,15.0,9.0,278.0,9.0,5.0,8.0,904.0,,,4.0,,,,2.0,,2.0,,,4.0,,,,,,,,,,,,,,,,,1.0,,,,,,,,,,,,,,,,,,
LAMAR,1.0,37.0,1.0,12.0,150.0,24.0,2.0,12.0,53.0,1.0,,11.0,,,2.0,15.0,,2.0,,23.0,5.0,221.0,5.0,9.0,75.0,639.0,,,,,,,1.0,,,3.0,,,,,,,,,,,,,,,,,,,,,,,,,,,,,,,,,,,,,
LANIER,,21.0,,1.0,61.0,12.0,1.0,3.0,42.0,,,2.0,,,,2.0,,1.0,,18.0,1.0,67.0,3.0,5.0,18.0,282.0,,,1.0,1.0,17.0,,2.0,,,,1.0,2.0,,2.0,,1.0,,,,,,,,1.0,,,,,,,,,,,,,,,1.0,,,,,,,,
LAURENS,,193.0,1.0,14.0,407.0,70.0,1.0,23.0,98.0,1.0,,40.0,,,6.0,30.0,1.0,10.0,1.0,36.0,9.0,485.0,4.0,8.0,35.0,609.0,,1.0,41.0,28.0,35.0,1.0,4.0,,,1.0,2.0,,,,,,,,,,,,,,,,,,48.0,,,6.0,,,,,1.0,,,,1.0,,,,,,
LEE,,34.0,,10.0,187.0,44.0,1.0,23.0,87.0,,,23.0,,,20.0,33.0,,7.0,1.0,54.0,17.0,209.0,19.0,20.0,77.0,1279.0,,1.0,,,,1.0,1.0,,,1.0,,1.0,,,,,,,,2.0,,,,3.0,,,,,,,,,,,,,,,,,,,,,,,
LIBERTY,2.0,127.0,1.0,15.0,173.0,172.0,29.0,50.0,89.0,4.0,,6.0,,,,3.0,2.0,25.0,14.0,36.0,89.0,1794.0,345.0,99.0,496.0,1726.0,8.0,1.0,4.0,,,1.0,3.0,,1.0,9.0,,9.0,,1.0,2.0,1.0,5.0,,,,,,,8.0,,,2.0,,,,,1.0,,,1.0,,,,,,,,,,,,
LINCOLN,,35.0,,5.0,69.0,12.0,,5.0,13.0,,,8.0,,,4.0,16.0,,1.0,,7.0,2.0,101.0,3.0,4.0,15.0,243.0,,,,,,1.0,,,,,,,,,,,,,,,,,,,,,,,,,,,,,,,,,,,,,,,,,
LONG,,18.0,,4.0,68.0,48.0,9.0,9.0,52.0,,,2.0,,,3.0,5.0,,,,3.0,20.0,208.0,61.0,15.0,111.0,588.0,1.0,1.0,,,,,,,,5.0,,2.0,,,,,4.0,,,,,,,1.0,,,1.0,,,,,,,,,,,,,,,,,,,,
LOWNDES,3.0,297.0,1.0,23.0,527.0,262.0,19.0,43.0,275.0,10.0,4.0,377.0,5.0,7.0,47.0,126.0,,21.0,5.0,78.0,62.0,1778.0,103.0,106.0,402.0,3158.0,2.0,2.0,3.0,,1.0,1.0,9.0,,2.0,10.0,,,,,2.0,,3.0,,1.0,,,,,3.0,1.0,,,,,,,,,,1.0,,,,,,,,,,,,
LUMPKIN,,6.0,,14.0,278.0,1.0,2.0,26.0,62.0,,,2.0,,,6.0,12.0,,,3.0,29.0,11.0,20.0,34.0,4.0,66.0,1037.0,,1.0,,,5.0,6.0,15.0,,,1.0,2.0,,,,,,,,,,,,,,,,,,,,,,,,,1.0,,,,,,,,,,,
MACON,,82.0,,1.0,78.0,35.0,2.0,2.0,19.0,1.0,,5.0,,,,4.0,,,,,7.0,384.0,8.0,5.0,17.0,219.0,,,,,,1.0,,,,1.0,,,,,,,1.0,,,,,,,,,,,,1.0,,,,,,,,,,,,,,,,,,
MADISON,1.0,18.0,1.0,11.0,246.0,12.0,,24.0,74.0,1.0,,4.0,,,6.0,19.0,,,3.0,4.0,8.0,103.0,10.0,6.0,107.0,914.0,2.0,1.0,,,,3.0,28.0,,,1.0,,,,,2.0,,,,,,,,,,,,,,,,,,,,,,,,,,,,,,,,
MARION,1.0,40.0,1.0,3.0,62.0,10.0,,5.0,20.0,,,10.0,,1.0,1.0,13.0,,1.0,,19.0,5.0,81.0,9.0,3.0,10.0,230.0,1.0,,7.0,,,,,,,,,,,,,,,,,,,,,,,,,,,,,,,1.0,,,,,,,1.0,,,,,,
MCDUFFIE,,96.0,1.0,5.0,162.0,45.0,1.0,32.0,101.0,,,24.0,,,13.0,24.0,,13.0,4.0,33.0,5.0,469.0,13.0,2.0,29.0,800.0,,1.0,16.0,,,1.0,4.0,,,2.0,,,,,,,,,,,,,,1.0,,,,,16.0,,,,,,1.0,,,,,,,,,,,,
MCINTOSH,,56.0,,7.0,115.0,29.0,2.0,8.0,46.0,4.0,2.0,32.0,,,17.0,36.0,,,,6.0,,83.0,3.0,2.0,21.0,266.0,,1.0,1.0,1.0,,,1.0,,,,,,1.0,,,,,,,,,,,,1.0,,,,4.0,,,,,,,,,,,,,,,,,,
MERIWETHER,1.0,107.0,,6.0,187.0,17.0,,7.0,35.0,,,45.0,,,18.0,23.0,,,,6.0,3.0,438.0,12.0,5.0,108.0,633.0,,,,,,,1.0,,,2.0,,,,,,,,,,,,,,,,,,,1.0,,,,,,,,,,,,,,,,,,
MILLER,,11.0,,1.0,69.0,9.0,,2.0,11.0,,,2.0,,,,2.0,,,,3.0,1.0,81.0,,,11.0,167.0,,,,,,,3.0,,,,,,,,,,,,,,,,,,,,,,,,,,,,1.0,,,,,,,,,,,,
MITCHELL,,100.0,,11.0,146.0,39.0,,25.0,43.0,,,48.0,2.0,,21.0,31.0,,2.0,1.0,12.0,9.0,475.0,15.0,2.0,42.0,567.0,2.0,,,,,,,,,1.0,,1.0,,,,,2.0,,,,,,,,,,,,,,,,,,,,,,,,,,,,,,
MONROE,,71.0,1.0,13.0,214.0,20.0,,18.0,53.0,,1.0,30.0,2.0,1.0,18.0,40.0,,1.0,1.0,16.0,10.0,256.0,11.0,12.0,81.0,725.0,1.0,1.0,1.0,1.0,3.0,,4.0,,,,1.0,,,1.0,,,,,,,,1.0,,,,,,,,,,,,,,,,,,,,,,,,,
MONTGOMERY,,28.0,,2.0,82.0,4.0,1.0,12.0,14.0,2.0,,3.0,,,1.0,3.0,,,,9.0,,67.0,8.0,2.0,1.0,181.0,,,1.0,,,,,,,,,,,,,,,,,,,,,,,,,,2.0,,,,,,,,,,,,,,,,,,
MORGAN,,46.0,1.0,2.0,162.0,14.0,1.0,3.0,27.0,,,28.0,1.0,1.0,10.0,25.0,,1.0,2.0,11.0,6.0,182.0,6.0,4.0,34.0,339.0,,,1.0,,11.0,6.0,61.0,,,,1.0,,,,1.0,,,,,,,,,,,2.0,,,,,1.0,,,,,,,,1.0,,,,,,,,
MURRAY,1.0,,2.0,11.0,330.0,,6.0,16.0,88.0,,,1.0,1.0,3.0,13.0,102.0,1.0,,7.0,24.0,5.0,17.0,151.0,10.0,113.0,1662.0,,2.0,,,,,3.0,,,1.0,,,,1.0,,,1.0,,,,,,,,,,,,,,,,,,,,,,,,,,,,,,
MUSCOGEE,11.0,703.0,9.0,55.0,979.0,480.0,27.0,77.0,222.0,10.0,,257.0,4.0,7.0,35.0,54.0,,62.0,12.0,139.0,301.0,6056.0,613.0,247.0,505.0,6858.0,16.0,7.0,,,,1.0,3.0,,,23.0,,6.0,1.0,,2.0,,7.0,,,3.0,,,,5.0,1.0,1.0,4.0,,,,1.0,,,,,,,,,,,,,,,,
NEWTON,2.0,222.0,2.0,31.0,546.0,124.0,6.0,47.0,78.0,1.0,2.0,154.0,5.0,1.0,123.0,127.0,,23.0,7.0,37.0,48.0,2337.0,109.0,58.0,353.0,2700.0,3.0,1.0,,,,4.0,4.0,,,7.0,,8.0,72.0,13.0,9.0,3.0,1.0,,,1.0,,,,1.0,,,,10.0,,2.0,12.0,,5.0,,,,,,,,,,,,,2.0,
OCONEE,2.0,7.0,,15.0,225.0,3.0,6.0,20.0,37.0,,1.0,8.0,,,8.0,22.0,2.0,1.0,7.0,56.0,38.0,88.0,23.0,15.0,104.0,1214.0,2.0,,2.0,,,,3.0,,,2.0,,,,1.0,,,,,,,,,,,,,,,,,,,,,,,,1.0,,,,,,,,,
OGLETHORPE,,21.0,,4.0,140.0,6.0,,7.0,18.0,,,13.0,2.0,,7.0,28.0,,1.0,4.0,8.0,,107.0,7.0,4.0,61.0,478.0,,,8.0,,20.0,1.0,4.0,,,,1.0,,,,1.0,,,,,,,1.0,,,1.0,,,,1.0,,,,,1.0,,,,,,,,,,,,,
PAULDING,3.0,82.0,3.0,69.0,748.0,50.0,9.0,31.0,127.0,3.0,5.0,20.0,4.0,2.0,11.0,66.0,2.0,22.0,19.0,170.0,39.0,1209.0,183.0,92.0,634.0,4308.0,5.0,1.0,11.0,1.0,3.0,4.0,5.0,,7.0,5.0,1.0,3.0,,,2.0,1.0,2.0,,,1.0,,,,1.0,,,1.0,,,,,3.0,,,1.0,,,,,,,,,,,,
PEACH,1.0,141.0,,9.0,165.0,49.0,3.0,13.0,42.0,,,42.0,,,11.0,27.0,,,,2.0,13.0,690.0,39.0,14.0,48.0,753.0,,,,,,,,,,1.0,,5.0,,,,,,,,,,,,,,,,,,,,,,,,,,,,,,,,,,,
PICKENS,,3.0,,9.0,340.0,,,1.0,1.0,,1.0,,,,4.0,14.0,,,1.0,25.0,8.0,24.0,19.0,8.0,69.0,1319.0,1.0,,,,,,,,,,,,,,,,,,,,,,,,,,,,,,,,,,,,,,,,,,,,,,
PIERCE,,14.0,2.0,3.0,138.0,14.0,,7.0,113.0,,,9.0,,1.0,14.0,23.0,,,1.0,6.0,1.0,88.0,7.0,1.0,37.0,636.0,,1.0,,,,,,,,2.0,,1.0,,,,,,,,,,,,,,,,,,,,,,,,,,,,,,,,,,,
PIKE,,29.0,,4.0,157.0,4.0,,10.0,39.0,,1.0,6.0,,,6.0,18.0,,,1.0,15.0,2.0,83.0,3.0,3.0,58.0,585.0,1.0,1.0,3.0,,,,,,,,,1.0,,,,,,,,,,,,,,,,,,,,,,,,,,,,,,,,,,,
POLK,1.0,58.0,,12.0,429.0,20.0,9.0,40.0,102.0,,1.0,20.0,5.0,1.0,29.0,62.0,,2.0,1.0,18.0,2.0,271.0,60.0,16.0,60.0,1505.0,1.0,1.0,,1.0,3.0,,,,,2.0,,1.0,,,,,1.0,,,,,,,,,,,2.0,1.0,,,,,,,,1.0,,,,,,,,,,
PULASKI,,21.0,,,89.0,17.0,1.0,7.0,35.0,7.0,6.0,10.0,,,,12.0,,,,1.0,1.0,81.0,1.0,1.0,3.0,196.0,,,,,,,,,2.0,,,,2.0,,,,,,,,,,,,,,,,,,1.0,,,,,,,,,,,,,,,,
PUTNAM,1.0,55.0,1.0,8.0,205.0,21.0,,6.0,39.0,1.0,,22.0,1.0,,10.0,24.0,,,1.0,15.0,11.0,216.0,11.0,6.0,34.0,670.0,,,1.0,,1.0,,,,,2.0,,,,,,,,,,,,,,,,,,,,,,,,,,,,,,,,,,,,,
QUITMAN,,12.0,,1.0,21.0,11.0,,1.0,11.0,3.0,1.0,1.0,,,1.0,3.0,,2.0,,7.0,,34.0,,,,40.0,1.0,,4.0,1.0,1.0,,,,,,,,17.0,21.0,,,,,,,,,,,,,,,1.0,,,,,,,,,,,,,,,,,,
RABUN,,1.0,,6.0,206.0,,1.0,7.0,54.0,,,,,,2.0,31.0,,1.0,,42.0,6.0,2.0,11.0,4.0,17.0,808.0,,,4.0,,,,5.0,,1.0,,,,,,,,,,,,,,,,,,,,,,,,,,,,,,,,,,,,,,
RANDOLPH,,59.0,,1.0,37.0,58.0,,12.0,24.0,1.0,,18.0,,,4.0,4.0,,,,4.0,1.0,126.0,,,4.0,78.0,,,,,1.0,,,,,1.0,,,20.0,2.0,,,,,,,,,,,,,,,1.0,1.0,,,,,,,,,,,,,,,,1.0,
RICHMOND,9.0,865.0,7.0,126.0,962.0,456.0,20.0,398.0,171.0,,2.0,133.0,,4.0,98.0,41.0,1.0,47.0,24.0,107.0,200.0,7616.0,347.0,278.0,1322.0,6664.0,6.0,3.0,1.0,,,4.0,4.0,,2.0,15.0,,8.0,27.0,22.0,3.0,1.0,2.0,,,,,,,5.0,,,4.0,5.0,1.0,,58.0,1.0,2.0,,1.0,,,,1.0,,,,,,,2.0,
ROCKDALE,3.0,176.0,4.0,54.0,419.0,165.0,14.0,53.0,94.0,1.0,,67.0,2.0,1.0,26.0,36.0,3.0,55.0,17.0,92.0,66.0,2196.0,109.0,75.0,755.0,1938.0,5.0,1.0,13.0,,,3.0,2.0,,1.0,16.0,,3.0,,,1.0,,5.0,,,2.0,,,,1.0,,,3.0,,21.0,,,4.0,,2.0,,,,,,,1.0,4.0,1.0,,,,
SCHLEY,,13.0,,1.0,30.0,6.0,,3.0,11.0,,,,,,,,,,,2.0,1.0,59.0,,5.0,4.0,140.0,,,,,,,2.0,,,,,,,,,,,,,,,,,,,,,,,,,,,,,,,,,,,,,,,,
SCREVEN,,71.0,,1.0,100.0,18.0,,13.0,25.0,1.0,1.0,1.0,,,,,,1.0,,13.0,5.0,445.0,7.0,,14.0,448.0,,,2.0,,,,1.0,,,,,,,,,,,,,,,,,,,,,,,,,,,,,,,,,,,,,,,,
SEMINOLE,,37.0,1.0,1.0,80.0,20.0,,4.0,31.0,,,3.0,,1.0,1.0,9.0,,,,2.0,1.0,250.0,7.0,4.0,13.0,328.0,,,,,,,,,,2.0,,,,,,,,,,,,,,,,,,,,,,,,,,,,,,,,,,,,,
SPALDING,1.0,175.0,,38.0,576.0,94.0,5.0,44.0,127.0,1.0,1.0,61.0,,1.0,10.0,52.0,,3.0,3.0,39.0,24.0,944.0,43.0,35.0,227.0,1856.0,4.0,1.0,8.0,,,3.0,3.0,,1.0,4.0,,2.0,,,,1.0,,,,,,,,,,,1.0,,3.0,,,1.0,,1.0,,,,,,,,,,,,,
STEPHENS,,29.0,,10.0,294.0,16.0,,27.0,90.0,,,6.0,,,6.0,11.0,,,2.0,46.0,25.0,161.0,19.0,9.0,30.0,1304.0,3.0,,5.0,,,1.0,3.0,,,1.0,,1.0,,,,,1.0,,,,,,,,,,,,,,,,,,,,,,,,,,,,,,
STEWART,,46.0,1.0,1.0,37.0,70.0,1.0,12.0,38.0,,,12.0,,,1.0,2.0,,,,,1.0,62.0,2.0,2.0,1.0,45.0,,,1.0,1.0,1.0,,1.0,,,1.0,,,,,,,,,,,,,,,,,,,,,,,,,,,,,,,,,,,,,
SUMTER,1.0,173.0,,11.0,229.0,67.0,4.0,8.0,36.0,7.0,1.0,94.0,1.0,,9.0,22.0,1.0,3.0,,16.0,11.0,719.0,30.0,16.0,35.0,667.0,1.0,,3.0,,,,,,,,,,1.0,,,,,,1.0,,,,,,,,,,,,,,,,,,,,,,,1.0,,,,,
TALBOT,,57.0,,1.0,32.0,11.0,,1.0,15.0,,,11.0,,,,,,2.0,1.0,3.0,,90.0,4.0,1.0,10.0,102.0,1.0,1.0,,,,,,,,,,,,,,,1.0,,1.0,,,,,,,,,,3.0,,,,,,,,,,,,,,,,,,
TALIAFERRO,,21.0,,,13.0,2.0,,,1.0,,,3.0,,,3.0,1.0,,,,,,19.0,,2.0,3.0,8.0,,,,,,,,,,,,,,,,,,,,,,,,,,,,,,,,,,,,,,,,,,,,,,,
TATTNALL,,62.0,,4.0,187.0,19.0,3.0,39.0,62.0,2.0,2.0,5.0,1.0,,3.0,7.0,,5.0,1.0,10.0,4.0,186.0,35.0,12.0,33.0,493.0,1.0,,2.0,,,1.0,1.0,,,1.0,,1.0,,,,,,,,,,,,,,,,,,,,,,,,,,,,,,,,,,,
TAYLOR,,45.0,,1.0,64.0,12.0,,3.0,7.0,,,17.0,,,6.0,10.0,,,,4.0,2.0,116.0,3.0,1.0,22.0,169.0,,,,,,,2.0,,,,,,,,,,,,,,,,,,,,,,,,,,,,,,,,,,,,,,,,
TELFAIR,,53.0,,4.0,117.0,13.0,,3.0,12.0,,,19.0,,1.0,2.0,19.0,,1.0,,5.0,3.0,131.0,22.0,,7.0,268.0,,,5.0,49.0,25.0,,3.0,,,,6.0,,1.0,1.0,2.0,,,,,,,,,,,,,,4.0,,1.0,,,,,,,,,,,,,,,,
TERRELL,,60.0,1.0,3.0,75.0,53.0,,17.0,12.0,4.0,,42.0,1.0,,12.0,3.0,,3.0,,4.0,3.0,223.0,1.0,1.0,7.0,127.0,,,,,,,,,,1.0,,,,,,,,,,,,,,,,,,,,,,,,,,,,,,,,,,,,,
THOMAS,,160.0,3.0,13.0,292.0,65.0,,25.0,59.0,,,59.0,2.0,,16.0,22.0,,6.0,2.0,63.0,17.0,938.0,40.0,23.0,121.0,1691.0,1.0,,1.0,,,,,,,1.0,,,,,,1.0,,,,,,,,3.0,,,,,1.0,,,,,,,,,,,,,,,,,,
TIFT,,95.0,1.0,15.0,271.0,35.0,4.0,16.0,80.0,,,52.0,,1.0,23.0,26.0,,4.0,1.0,30.0,13.0,560.0,59.0,19.0,92.0,952.0,3.0,,,,,,2.0,,,2.0,,1.0,,,,,1.0,,,,,,,,,,,,,,,,,,,,,,,,,,,,,,
TOOMBS,,66.0,1.0,6.0,222.0,10.0,2.0,33.0,27.0,,,14.0,,,1.0,10.0,,2.0,1.0,23.0,15.0,398.0,78.0,14.0,49.0,870.0,,,,,,3.0,,,,,,,,,,,1.0,,,,,,,,,,,,1.0,,,,,,,,,,,,,,,,,,
TOWNS,,,,4.0,196.0,3.0,2.0,12.0,147.0,1.0,,,,,1.0,27.0,,,,36.0,,,1.0,,6.0,297.0,,1.0,5.0,,,,4.0,,,,,,,1.0,,,2.0,,,,,,,,,,1.0,,,,,,,,,,,,,,,,,,,,
TREUTLEN,,23.0,,4.0,87.0,5.0,,2.0,19.0,,,21.0,1.0,,5.0,19.0,,,,,,36.0,,,3.0,124.0,,,,,,,,,,,,,,,,,,,,,,,,,,,,,,,,,,,,,,,,,,,,,,,
TROUP,1.0,174.0,1.0,20.0,454.0,85.0,2.0,33.0,116.0,,,149.0,1.0,1.0,28.0,85.0,1.0,7.0,1.0,94.0,28.0,1423.0,36.0,42.0,164.0,2505.0,2.0,1.0,,,,,2.0,,,1.0,,2.0,1.0,,,,,,,,,,,4.0,1.0,,,,,,,,,,,,,,,,,,,,,,
TURNER,,38.0,,3.0,86.0,17.0,1.0,2.0,11.0,,,2.0,,,3.0,,,,,,2.0,180.0,4.0,3.0,15.0,219.0,1.0,,,,,,,,,,,,,,,,,,,,,,,,,,,,,,,,,,,,,,,,,,,,,,
TWIGGS,,45.0,1.0,5.0,72.0,24.0,1.0,16.0,29.0,,,15.0,,,1.0,18.0,,1.0,,2.0,2.0,128.0,1.0,,15.0,301.0,,,,,,1.0,1.0,,,,,,,,,,,,,,,,,,,,,,,,,,,,,,,,,,,,,,,,
UNION,,1.0,3.0,10.0,354.0,,,10.0,52.0,,,,,,11.0,33.0,,,5.0,80.0,3.0,7.0,7.0,4.0,27.0,1210.0,1.0,1.0,2.0,,37.0,,2.0,,3.0,,2.0,,,,,,,,,,,1.0,1.0,1.0,,,,,,,,,,,,,,,,,,,,,,,
UPSON,,81.0,1.0,10.0,292.0,20.0,,14.0,53.0,2.0,1.0,7.0,,,6.0,22.0,1.0,2.0,,12.0,3.0,347.0,9.0,13.0,116.0,802.0,,,1.0,,,,1.0,,,2.0,,,,,,,1.0,,,,,,,,,,,,,,,,,,,,,,,,,,,,,,
WALKER,,13.0,,41.0,588.0,6.0,,69.0,110.0,,,11.0,,1.0,54.0,137.0,1.0,1.0,13.0,81.0,7.0,208.0,36.0,24.0,202.0,4287.0,1.0,,1.0,1.0,10.0,2.0,2.0,,,,,,,,,1.0,,,,,,,,1.0,1.0,,1.0,,,,,,,,,,,,,,,,,,,1.0,
WALTON,2.0,87.0,5.0,81.0,585.0,39.0,2.0,91.0,115.0,,,40.0,,,28.0,49.0,,5.0,6.0,54.0,55.0,762.0,83.0,47.0,569.0,3104.0,3.0,,,,,2.0,1.0,,,2.0,,1.0,,,2.0,,,,,1.0,,,,1.0,,,1.0,,,,,,,,,,,,,,,,,,,,
WARE,1.0,99.0,3.0,8.0,350.0,33.0,1.0,33.0,77.0,,3.0,24.0,1.0,,6.0,22.0,,6.0,2.0,16.0,13.0,433.0,11.0,6.0,60.0,822.0,1.0,,3.0,,,2.0,,,,1.0,,1.0,,,,,,,,,,,,,,,,,,,1.0,,,,,,,,,,,,,,,,
WARREN,,51.0,,,45.0,7.0,,1.0,10.0,,,4.0,,,1.0,,,1.0,,1.0,,167.0,,2.0,5.0,80.0,,,,,,,1.0,,,,,2.0,,,,,,,,,,,,,,,,,,,,,,,,,,,1.0,,,,,,,,
WASHINGTON,,124.0,,4.0,136.0,19.0,,15.0,14.0,,,15.0,,,2.0,1.0,,1.0,,13.0,5.0,439.0,2.0,5.0,16.0,379.0,,,1.0,,,,,,,,,1.0,,,,,,,,,,,,,,,,,,,,,,,,,,,1.0,,,,,,,,
WAYNE,,54.0,1.0,11.0,277.0,10.0,3.0,25.0,69.0,,,4.0,,,5.0,10.0,,5.0,5.0,25.0,6.0,320.0,36.0,11.0,122.0,1003.0,1.0,,,15.0,19.0,1.0,3.0,,,,2.0,,,,,,,,,,,,3.0,1.0,,,,,,,,,,,,,,,,,,,,,,,
WEBSTER,,18.0,,1.0,13.0,5.0,,,8.0,,2.0,1.0,,,,,,,,1.0,,35.0,,,,23.0,,,1.0,,,,,,,,,,1.0,,,,,,,,,,,,,,,,,,,,,,,,,,,,,,,,,,
WHEELER,,19.0,,,45.0,9.0,2.0,1.0,32.0,,,9.0,,,,8.0,,,,6.0,1.0,57.0,3.0,1.0,3.0,105.0,,,6.0,25.0,27.0,,2.0,,,,,1.0,,,,,,,,,,,1.0,,,,,,2.0,,,,,,1.0,,,,,,,,,,,,
WHITE,,4.0,,6.0,262.0,2.0,2.0,30.0,123.0,,,,,1.0,1.0,15.0,,,,32.0,8.0,34.0,16.0,2.0,19.0,1204.0,1.0,2.0,,,,1.0,3.0,,,,,,,1.0,,,,,,,,,,1.0,,,,,,,,,,,,,,,,,,,,,,,
WHITFIELD,2.0,36.0,2.0,36.0,584.0,15.0,67.0,46.0,208.0,,2.0,23.0,25.0,3.0,64.0,162.0,,,10.0,75.0,56.0,225.0,659.0,51.0,279.0,3197.0,14.0,3.0,1.0,,,1.0,2.0,,,2.0,,2.0,,,,1.0,1.0,,,,,,,1.0,,,,,,,,,,,,,,,,,,,,,,,
WILCOX,,22.0,,,82.0,7.0,,,19.0,,,15.0,,,2.0,14.0,,,,,,125.0,11.0,,7.0,228.0,,,2.0,,2.0,,,,,,,,,,,,,,,,,,,,,,,,,,,,,,,,,,,,,,,,,,
WILKES,,61.0,,4.0,90.0,12.0,,4.0,8.0,,,7.0,,,1.0,3.0,,1.0,1.0,8.0,,154.0,5.0,2.0,13.0,176.0,,1.0,,,,,2.0,,,2.0,,,,,,,,,,,,,,,,,,,,,,,,,,,,,,,,,,,,,
WILKINSON,,49.0,,1.0,82.0,9.0,,5.0,13.0,,,7.0,,1.0,1.0,3.0,,2.0,1.0,4.0,,120.0,1.0,1.0,7.0,193.0,,,,,,,1.0,,,,,,,,,,,,,,,,,,,,,,,,,,,,,,,,,,,,,,,,
WORTH,,48.0,2.0,3.0,181.0,46.0,1.0,12.0,89.0,4.0,1.0,5.0,,,,3.0,,,,3.0,3.0,297.0,3.0,9.0,45.0,635.0,,1.0,1.0,,,,,,,1.0,,,,,,,,,,,,,,,,1.0,,,,,,,,,,,,,,,,,,,,,
